<?xml version="1.0" encoding="UTF-8" standalone="yes"?>
<addon id="repository.mjinit" name="MJInit Repo" version="1.1.0" provider-name="mjinit">
    <extension point="xbmc.addon.repository" name="MJInit Repo">
		<dir>
			<info compressed="false">https://raw.githubusercontent.com/MJInit/repo/master/_zipfiles/addons.xml</info>
			<checksum>https://raw.githubusercontent.com/MJInit/repo/master/_zipfiles/addons.xml.md5</checksum>
			<datadir zip="true">https://raw.githubusercontent.com/MJInit/repo/master/_zipfiles/</datadir>
			<hashes>false</hashes>
		</dir>
		<dir>
            <info compressed="false">https://raw.githubusercontent.com/teamuniversal/scrapers/master/_modules4all/zips/addons.xml</info>
            <checksum>https://raw.githubusercontent.com/teamuniversal/scrapers/master/_modules4all/zips/addons.xml.md5</checksum>
            <datadir zip="true">https://raw.githubusercontent.com/teamuniversal/scrapers/master/_modules4all/zips/</datadir>
        </dir>
        <dir>
           <info compressed="false">https://raw.githubusercontent.com/Gujal00/smrzips/master/addons.xml</info>
           <checksum>https://raw.githubusercontent.com/Gujal00/smrzips/master/addons.xml.md5</checksum>
           <datadir zip="true">https://raw.githubusercontent.com/Gujal00/smrzips/master/zips/</datadir>
        </dir>
    </extension>
    <extension point="xbmc.addon.metadata">
        <summary lang="en_GB">MJInit Repository</summary>
        <description lang="en_GB">MJInit.</description>
        <platform>all</platform>
        <assets>
            <icon>icon.png</icon>
			<fanart>fanart.jpg</fanart>
        </assets>
    </extension>
</addon>